Name,Volume
Bitcoin,"$ 70,972,193,249.8205"
Ethereum,"$ 44,581,908,324.9338"
Tether,"$148,797,311,231.2127"
BNB,"$  3,736,806,315.3330"
USD Coin,"$ 10,160,369,261.8525"
XRP,"$  4,175,229,588.9160"
Solana,"$  4,316,270,696.7134"
Cardano,"$  2,826,463,283.1709"
Binance USD,"$  9,845,896,847.6012"
TerraUSD,"$  5,421,949,759.8362"
Dogecoin,"$  1,980,219,874.6691"
Avalanche,"$  1,830,882,102.1790"
Polkadot,"$  1,999,931,515.4228"
Terra,"$ 13,021,719,843.7332"
Shiba Inu,"$  2,244,719,720.0256"
Wrapped Bitcoin,"$    680,909,967.6097"
TRON,"$  2,941,179,469.3533"
Dai,"$    860,513,322.5156"
Polygon,"$  1,663,441,532.7250"
NEAR Protocol,"$  1,852,124,623.0727"
Cronos,"$    138,133,043.6390"
Litecoin,"$  1,901,942,103.8381"
UNUS SED LEO,"$      7,345,556.9184"
FTX Token,"$    252,670,816.9111"
Bitcoin Cash,"$  3,989,217,969.9236"
Uniswap,"$    455,501,972.0597"
Chainlink,"$  1,181,004,732.1351"
Algorand,"$    698,408,941.3690"
Cosmos,"$  1,252,621,600.9104"
Stellar,"$    626,922,340.1069"
Ethereum Classic,"$    769,189,864.1760"
Monero,"$    295,487,275.2391"
ApeCoin,"$  1,983,859,931.7194"
VeChain,"$    478,280,070.8987"
Internet Computer,"$    411,248,393.5372"
Elrond,"$    171,747,629.8937"
Hedera,"$    125,748,395.9039"
Filecoin,"$    991,738,848.6992"
The Sandbox,"$    736,519,900.0955"
Decentraland,"$    608,984,799.2604"
Tezos,"$    185,465,742.5895"
Theta Network,"$    401,093,724.9488"
PancakeSwap,"$    277,265,245.2696"
EOS,"$  1,083,769,205.4351"
THORChain,"$    304,465,285.2675"
Axie Infinity,"$    664,091,336.9037"
Aave,"$    451,076,940.4364"
Fantom,"$    670,815,596.3149"
Flow,"$    308,030,754.7538"
Helium,"$     40,720,399.3455"
KuCoin Token,"$     19,949,515.8817"
Klaytn,"$    129,260,955.7421"
Zcash,"$    289,909,827.2300"
BitTorrent-New,"$    185,490,572.3988"
Waves,"$    918,323,970.9035"
TrueUSD,"$    363,456,544.3679"
Huobi Token,"$    116,882,264.2775"
Convex Finance,"$     22,135,373.3618"
Bitcoin SV,"$    321,515,896.2724"
The Graph,"$    261,346,835.8328"
Maker,"$    193,480,691.9596"
STEPN,"$  2,354,472,305.5763"
eCash,"$     44,586,989.2312"
IOTA,"$    116,352,957.3577"
Nexo,"$     32,321,079.2954"
Neo,"$    170,942,566.0931"
Pax Dollar,"$     43,071,556.7346"
Curve DAO Token,"$    388,786,267.5988"
Neutrino USD,"$     26,701,271.1274"
Stacks,"$     37,532,256.9962"
Zilliqa,"$    935,496,260.9881"
Celo,"$    122,068,539.4409"
OKB,"$     79,842,122.9258"
Quant,"$    122,822,233.2496"
Chiliz,"$    211,142,211.7615"
Kusama,"$    193,928,478.8252"
Dash,"$    311,336,216.8132"
Gala,"$    714,340,815.6861"
Harmony,"$    155,773,701.9837"
Loopring,"$    279,286,609.5887"
Enjin Coin,"$    323,710,951.9886"
Mina,"$     68,985,227.7579"
Basic Attention Token,"$    165,748,201.1845"
XDC Network,"$     15,501,023.2648"
Gnosis,"$      8,242,836.0054"
Lido DAO,"$     64,495,231.0365"
Holo,"$     69,249,049.3368"
Arweave,"$    130,246,599.1960"
Compound,"$    154,405,734.6359"
PAX Gold,"$     48,299,577.4429"
Decred,"$      5,285,204.2487"
Amp,"$     29,403,622.5452"
NEM,"$     65,246,199.7832"
ICON,"$     76,194,439.1243"
Kava,"$     96,874,077.5777"
Theta Fuel,"$     44,284,747.2081"
yearn.finance,"$    211,330,871.4748"
Qtum,"$    228,074,577.2011"
Secret,"$     25,453,389.9344"
Oasis Network,"$    118,635,619.4473"
Symbol,"$     12,568,381.7423"
Audius,"$     63,514,401.8022"
Moonbeam,"$     75,995,613.3550"
GateToken,"$     20,585,812.8510"
Kadena,"$     73,277,492.9976"
0x,"$    123,135,956.0325"
OMG Network,"$    243,428,199.4380"
1inch Network,"$    238,357,234.8741"
Livepeer,"$     74,504,623.1503"
Bancor,"$     42,615,527.3106"
Fei USD,"$     14,399,686.1874"
IoTeX,"$     66,201,184.3796"
SKALE Network,"$     54,570,379.5815"
Bitcoin Gold,"$     13,877,239.5173"
Synthetix,"$    195,014,768.8620"
JUST,"$    136,953,692.8478"
Ankr,"$     72,941,857.2791"
Serum,"$    129,598,811.8916"
Dogelon Mars,"$     38,414,606.0992"
BORA,"$     71,223,986.2342"
Kyber Network Crystal v2,"$    295,139,487.8968"
Ravencoin,"$     47,832,062.0006"
Celsius,"$      6,237,121.7551"
IOST,"$    132,899,164.3583"
SXP,"$    159,811,173.0618"
Ontology,"$     78,171,358.6567"
Siacoin,"$     28,362,740.7618"
Horizen,"$     73,400,289.4589"
SwissBorg,"$      2,273,754.3628"
Velas,"$      6,485,210.6611"
APENFT,"$    282,712,810.1773"
Acala Token,"$     20,665,024.4090"
WAX,"$     50,566,709.5195"
Frax Share,"$     72,930,635.1316"
Braintrust,"$      4,374,186.0751"
UMA,"$     81,888,693.1005"
Ethereum Name Service,"$    263,536,474.6326"
Immutable X,"$    156,830,057.4465"
Render Token,"$     39,317,003.3568"
Anchor Protocol,"$    257,809,099.2035"
Golem,"$      9,634,182.9247"
Voyager Token,"$      7,502,619.6293"
Rally,"$      3,391,797.1197"
WOO Network,"$     57,860,647.5330"
Storj,"$     53,568,453.1836"
USDD,"$     13,773,867.3740"
Hive,"$     31,208,943.8856"
Illuvium,"$     29,595,780.6054"
Nervos Network,"$     10,356,850.7368"
renBTC,"$     33,295,219.9935"
Polymath,"$     31,005,834.6027"
Casper,"$     14,556,965.9194"
SushiSwap,"$    437,530,298.3289"
DigiByte,"$     46,564,573.5199"
Trust Wallet Token,"$     28,690,674.4633"
MXC,"$     17,791,140.3936"
Flux,"$     45,762,739.0113"
Ren,"$     57,783,959.9549"
Keep Network,"$      2,187,042.0291"
Spell Token,"$     62,525,491.7996"
Persistence,"$      3,937,189.8252"
CEEK VR,"$     17,228,536.5893"
WINkLink,"$    130,219,545.2162"
PlayDapp,"$     29,841,956.4396"
Gemini Dollar,"$      4,923,354.3388"
Conflux,"$     14,102,359.8670"
Ocean Protocol,"$     34,898,519.7918"
Telcoin,"$      8,532,259.0626"
dYdX,"$    226,682,171.4374"
Nano,"$      4,703,190.7153"
DigitalBits,"$      1,653,550.6820"
Injective,"$     30,767,616.9060"
DAO Maker,"$      8,107,472.7621"
Lisk,"$     13,233,729.0826"
Constellation,"$      4,396,378.8272"
Dent,"$     60,856,265.4871"
Celer Network,"$     67,165,538.9716"
Raydium,"$     76,677,439.5948"
MediBloc,"$        935,536.8167"
Chia,"$     12,955,096.5458"
Syscoin,"$     19,634,374.2065"
MX TOKEN,"$     14,754,279.4914"
COTI,"$     64,975,923.0257"
NuCypher,"$     10,910,134.6786"
Revain,"$      1,002,038.6916"
Mines of Dalarnia,"$    198,614,099.9281"
Coin98,"$     44,040,617.8099"
Chromia,"$     61,527,270.0570"
Fetch.ai,"$     23,288,784.2160"
Vulcan Forged PYR,"$     46,555,766.7085"
Orbs,"$      5,125,497.6405"
Request,"$     17,494,447.6094"
Pundi X (New),"$     26,979,284.8282"
Powerledger,"$     22,659,025.0469"
Locus Chain,"$      3,252,323.7750"
Ontology Gas,"$     17,084,158.8477"
Tribe,"$     11,374,455.1527"
Perpetual Protocol,"$     22,330,605.7626"
ConstitutionDAO,"$    195,659,772.5480"
WazirX,"$     13,186,359.3382"
HEX,"$     22,378,547.9856"
Wrapped TRON,"$     25,245,567.4633"
Lido Staked ETH,"$        975,666.7818"
yOUcash,"$      1,030,954.0246"
Bitcoin BEP2,"$    172,383,811.4306"
Frax,"$     88,077,020.6349"
Toncoin,"$      5,914,383.3717"
DeFiChain,"$     42,078,636.9810"
Wrapped BNB,"$  1,191,349,667.9234"
BitTorrent,"$         27,391.5621"
Chain,"$    128,097,060.7165"
Huobi BTC,"$      5,218,375.2958"
Osmosis,"$    221,098,522.3388"
Liquity USD,"$      2,228,837.9641"
Safe,"$      1,235,731.5079"
Counos X,"$      1,098,651.6737"
BitDAO,"$     40,259,614.0328"
Threshold,"$     19,602,786.8973"
NXM,"$          4,040.4573"
LINK,"$      5,315,227.0530"
LooksRare,"$    118,308,974.0455"
Tether Gold,"$      3,431,649.3173"
The Transfer Token,"$        414,869.7550"
HUSD,"$     46,344,578.5613"
Astar,"$     40,327,928.9052"
KOK,"$     10,705,942.3930"
Everscale,"$      3,007,460.8379"
Wrapped Velas,$              0.0000
Sapphire,"$      1,426,993.8485"
Fruits,"$      2,200,537.6631"
Rocket Pool,"$      1,182,673.0720"
Project Galaxy,"$    575,104,793.5561"
Bitpanda Ecosystem Token,"$        154,605.0622"
RadioCaca,"$     39,177,209.5230"
WEMIX,"$     84,041,931.2006"
SafeMoon,"$         24,726.2573"
WhiteCoin,"$      5,065,021.3714"
Pirate Chain,"$        968,803.2972"
BinaryX,"$    112,416,201.3979"
VVS Finance,"$      6,824,671.1210"
Anyswap,"$      4,523,455.7818"
Biswap,"$    142,269,112.5450"
MobileCoin,"$      9,371,118.7608"
Humanscape,"$     18,989,844.8394"
MVL,"$      3,686,698.2018"
Chainbing,"$      1,460,261.5375"
TitanSwap,"$      4,587,452.0197"
XSGD,"$      3,556,715.8951"
inSure DeFi,"$      1,691,709.3777"
Decentralized Social,"$      3,157,758.9113"
USDX [Kava],"$        312,789.9406"
Sologenic,"$      2,363,804.1559"
Divi,"$        513,616.8863"
XYO,"$      6,646,889.7620"
Status,"$     14,034,478.6856"
Telos,"$     11,425,989.4944"
Maple,"$      5,648,267.9308"
JOE,"$     22,364,926.2627"
Aurora,"$      2,203,514.5782"
Ultra,"$      9,603,971.3817"
1eco,"$        614,577.3895"
Function X,"$      4,973,102.4515"
Ardor,"$      6,592,941.2534"
SifChain,"$     19,414,008.8634"
Civic,"$     61,578,771.4256"
AVINOC,"$        976,748.6992"
STASIS EURO,"$     47,609,392.1698"
Steem,"$     43,390,976.0359"
SuperFarm,"$     21,905,215.5437"
Moonriver,"$     44,574,720.4215"
Bitcoin Standard Hashrate Token,"$      1,935,405.5545"
Hxro,"$        193,410.1001"
Cartesi,"$     17,615,506.3842"
HedgeTrade,"$          1,306.1515"
Mdex,"$      4,869,526.0463"
MyNeighborAlice,"$    190,618,712.5177"
Origin Protocol,"$     98,577,456.5728"
Creditcoin,"$      4,851,782.0542"
Sun (New),"$    115,411,199.1696"
Dero,"$        857,932.7388"
MOBOX,"$     55,932,126.8573"
OriginTrail,"$      2,275,264.2504"
sUSD,"$     15,819,560.3695"
VeThor Token,"$     11,049,976.0637"
MetisDAO,"$     13,420,187.1297"
Rari Governance Token,"$        498,343.9295"
StormX,"$     16,939,211.6634"
Ellipsis,"$      2,173,095.7675"
LUKSO,"$      3,917,692.1883"
Orchid,"$     21,973,026.5357"
Reef,"$     52,837,248.5665"
Bifrost (BFC),"$     17,562,394.5106"
Energy Web Token,"$      1,331,548.4117"
Boba Network,"$      4,929,461.2365"
Metahero,"$     10,731,485.7170"
Propy,"$      3,026,379.9115"
ASD,"$      2,365,057.1941"
Verge,"$      4,975,332.4497"
FUNToken,"$     16,710,800.1698"
ssv.network,"$      2,728,542.0348"
Reserve Rights,"$     59,341,653.8645"
MaidSafeCoin,"$          8,731.6235"
aelf,"$     37,087,013.9408"
Venus USDC,$              0.0000
Rakon,"$         10,690.8137"
Augur,"$     13,248,157.9905"
Orbit Chain,"$      1,397,940.4636"
Alpha Venture DAO,"$     51,493,118.9275"
Yield Guild Games,"$     39,875,120.4426"
Aragon,"$     46,528,383.5940"
Aavegotchi,"$     30,079,234.8088"
RSK Smart Bitcoin,"$         21,371.8340"
Wirex Token,"$      2,844,776.6295"
Numeraire,"$     14,185,733.3968"
Bridge Oracle,"$        192,458.3490"
Hyperion,$             57.4578
Dawn Protocol,"$      5,704,061.1968"
Sperax,"$      8,414,015.1670"
iExec RLC,"$     13,873,180.4137"
Stratis,"$      6,197,275.9459"
Sport and Leisure,$              0.0000
Biconomy,"$     22,663,946.4971"
Ampleforth,"$      4,101,219.2874"
Prometeus,"$      2,812,932.7515"
Metadium,"$      4,725,337.2138"
Metal,"$     49,457,790.9012"
Standard Tokenization Protocol,"$     25,506,648.2702"
Liquity,"$      2,143,582.7402"
NKN,"$      8,250,677.5008"
Hoo Token,"$      6,329,787.3404"
UFO Gaming,"$      5,792,883.4570"
API3,"$     44,503,288.7664"
Origin Dollar,"$        828,173.9279"
Adshares,"$      3,903,207.8990"
CENNZnet,"$        562,006.9104"
SOMESING,"$      3,642,809.6355"
QuarkChain,"$      5,322,564.6183"
Strike,"$      6,802,785.2382"
Mango,"$      1,090,664.9292"
Ergo,"$      5,041,357.6800"
Mask Network,"$     67,620,636.2652"
RSK Infrastructure Framework,"$      3,157,465.7408"
Radicle,"$      7,344,495.4982"
Alchemy Pay,"$     23,789,198.7051"
SingularityNET,"$      6,398,805.7451"
BakeryToken,"$     59,647,944.5483"
Bloktopia,"$     16,970,508.9814"
Ark,"$      3,687,321.4780"
MovieBloc,"$     22,193,174.2996"
Band Protocol,"$     36,448,736.0630"
Polkastarter,"$     11,578,502.9187"
Electroneum,"$        255,679.7024"
Enzyme,"$      7,629,997.9704"
Klever,"$     11,307,958.3878"
World Mobile Token,"$        973,565.2985"
Utrust,"$      8,263,841.3738"
Akash Network,"$      5,896,953.4840"
Balancer,"$     80,735,260.6367"
DeversiFi,"$        149,603.3698"
Badger DAO,"$     13,242,230.0039"
Proton,"$      6,456,027.1724"
KardiaChain,"$      1,278,582.0933"
e-Radix,"$      4,166,367.8497"
Beta Finance,"$     12,135,653.5909"
Everipedia,"$     11,241,941.5452"
JasmyCoin,"$    368,909,604.7433"
ABBC Coin,"$     23,389,971.4594"
Dvision Network,"$      2,222,431.6245"
Cratos,"$      7,833,167.2373"
DEAPcoin,"$      5,002,273.4245"
Veritaseum,"$         25,828.4242"
GensoKishi Metaverse,"$      1,395,435.5578"
TomoChain,"$     24,156,815.5560"
Dusk Network,"$     16,964,081.9726"
STAKE,"$        329,586.7856"
XCAD Network,"$      9,180,493.8434"
Freeway Token,"$      1,266,094.2250"
dKargo,"$      5,304,209.9485"
YooShi,"$        492,153.7065"
Ampleforth Governance Token,"$     71,054,344.9654"
cVault.finance,"$        120,918.9640"
PlatON,"$      3,209,370.2463"
Haven Protocol,"$      1,534,155.4690"
Qredo,"$     19,195,099.8908"
Venus,"$     47,403,340.8138"
CertiK,"$     18,853,955.1023"
Celo Dollar,"$      2,863,769.0579"
Shiba Predator,"$     11,628,245.5583"
DeFi Pulse Index,"$      1,119,380.4057"
Shapeshift FOX Token,"$      1,712,463.9177"
Ankr Reward Bearing Staked ETH,"$      1,461,978.6287"
HUNT,"$     16,180,354.3537"
NEST Protocol,"$      6,921,728.8556"
TrueFi,"$      7,256,220.3504"
Orion Protocol,"$      7,463,928.5052"
AIOZ Network,"$      1,383,905.7080"
Unibright,"$        706,402.2783"
RMRK,"$      7,135,015.2365"
ThunderCore,"$     12,033,637.4975"
GXChain,"$        707,579.4638"
LCX,"$      2,239,072.3852"
Aurory,"$      2,142,349.3423"
Hathor,"$      9,317,708.0003"
Neutrino Token,"$        201,010.4269"
Loom Network,"$      4,349,703.0527"
Starlink,"$     11,100,734.4713"
ZB Token,"$        820,318.2255"
SafePal,"$     32,354,761.5730"
Alchemix,"$      7,134,313.4911"
ONUS,"$        232,472.3088"
GlitzKoin,"$      3,345,267.6506"
Centrifuge,"$        380,921.5924"
Beefy Finance,"$      5,514,042.0316"
Mirror Protocol,"$     60,491,951.9601"
Aergo,"$     11,706,512.7453"
Chimpion,"$        174,288.4759"
PlatonCoin,"$        225,747.0850"
Venus BUSD,$              0.0000
IDEX,"$     22,929,579.1204"
Uquid Coin,"$      4,191,656.3134"
Wanchain,"$      3,021,630.4835"
Merit Circle,"$      6,840,483.5103"
ZEON,"$         70,648.1511"
Marlin,"$     10,177,352.1253"
League of Kingdoms Arena,"$    104,707,600.9365"
Decentral Games,"$      7,209,984.2140"
Alitas,"$        176,155.2307"
OpenDAO,"$     16,778,497.8793"
Splintershards,"$      2,207,472.7823"
Covalent,"$      2,353,045.4542"
Nestree,"$      2,565,519.1341"
LTO Network,"$      8,070,830.2311"
CLV,"$     35,281,358.1047"
Alien Worlds,"$    110,639,795.4974"
Hifi Finance,"$     22,586,929.7439"
Darma Cash,$              0.0000
Adventure Gold,"$     21,716,119.8697"
Efforce,"$        937,358.4288"
MimbleWimbleCoin,"$         62,369.6375"
Voxies,"$     33,420,270.7224"
ARPA Chain,"$     31,311,742.5549"
Aleph.im,"$      1,115,449.7055"
Handshake,"$        207,512.0419"
Vai,"$      1,385,665.0458"
Syntropy,"$        906,268.7271"
HI,"$      1,220,718.4024"
Qcash,"$    669,030,421.4831"
Phala Network,"$      6,738,009.8797"
Carry,"$      8,727,913.1699"
Elitium,"$        641,383.4719"
Seedify.fund,"$      3,177,334.2904"
CONUN,"$      3,953,832.1968"
EverRise,"$        582,297.4798"
Toko Token,"$     14,183,111.0236"
Travala.com,"$      7,541,784.4379"
Gitcoin,"$     18,818,992.9117"
AXEL,"$         76,323.2224"
PEAKDEFI,"$        492,840.2280"
SpookySwap,"$      4,371,132.8085"
Alpaca Finance,"$     18,266,033.4440"
Smooth Love Potion,"$    166,786,238.9640"
Linear Finance,"$     39,113,268.5786"
Vectorspace AI,"$        845,443.8288"
MonaCoin,"$        319,210.4131"
Efinity Token,"$      9,049,022.5294"
BitShares,"$      8,035,622.5242"
GMT Token,"$      2,847,394.4223"
KeeperDAO,"$      1,195,009.7680"
Komodo,"$      5,934,552.0144"
Alpha Quark Token,"$      4,901,269.9959"
bZx Protocol,$            228.4719
Tornado Cash,"$     14,357,844.4445"
BitMart Token,"$      2,506,451.8278"
Genopets,"$      7,408,761.5776"
Verasity,"$     56,901,058.2680"
Keep3rV1,"$     17,622,409.8666"
Moss Coin,"$      3,869,951.0270"
Terra Virtua Kolect,"$      9,412,342.7254"
TROY,"$      5,291,420.5663"
MiL.k,"$      9,299,118.4561"
Rai Reflex Index,"$      7,258,125.0496"
Victoria VR,"$     16,553,905.6740"
DerivaDAO,"$        599,182.3334"
Elastos,"$        620,359.6602"
Kava Swap,"$        849,278.7122"
Peony,"$        608,287.1671"
Cobak Token,"$      3,662,443.8549"
KILT Protocol,"$      1,610,922.7824"
DFI.Money,"$     55,114,819.7929"
Phantasma,"$      4,292,691.7727"
VerusCoin,"$         92,556.4281"
Hydra,"$      1,334,659.3256"
TrustSwap,"$      1,387,985.9972"
Sentinel Protocol,"$      3,757,039.5679"
Wilder World,"$      3,298,933.5805"
Boson Protocol,"$      4,441,665.9439"
FLETA,$              0.0000
Ambire AdEx,"$     12,268,439.2618"
Tokenlon Network Token,"$      6,250,930.9844"
Cocos-BCX,"$     36,989,372.3198"
Velo,"$      1,058,938.0456"
CUDOS,"$      1,602,796.3849"
BabySwap,"$      1,619,984.1295"
district0x,"$      9,567,237.3607"
RIZON,"$        259,672.2592"
Harvest Finance,"$     29,528,902.2355"
IRISnet,"$      5,662,122.7314"
XeniosCoin,"$          6,629.5185"
Automata Network,"$     11,606,887.8665"
Bitcoin Diamond,"$        860,362.6910"
Zelwin,"$         76,515.0252"
Flamingo,"$     16,652,721.9161"
mStable USD,"$        443,208.3337"
Sovryn,"$        755,677.3499"
DAD,"$      1,959,526.3099"
Alpine F1 Team Fan Token,"$     13,524,544.4440"
Refereum,"$      8,447,371.5843"
TokenPocket,"$        582,496.1578"
Contentos,"$      7,457,178.0071"
BioPassport Token,"$      1,698,568.1827"
Super Zero Protocol,"$      1,643,178.9534"
RichQUACK.com,"$        815,449.5749"
Presearch,"$        759,434.4641"
Morpheus.Network,"$      1,107,399.6410"
DIA,"$     13,424,470.9963"
Circuits of Value,"$        701,707.8393"
Ethernity,"$     20,036,534.2496"
Molecular Future,"$      2,216,302.0647"
ApolloX,"$      3,026,062.1856"
Wrapped NXM,"$      3,751,947.6659"
Alethea Artificial Liquid Intelligence Token,"$      1,017,276.5892"
Rarible,"$      2,549,029.5498"
Shiden Network,"$      5,565,234.2930"
Groestlcoin,"$      4,611,901.9591"
RAI Finance,"$      8,067,680.7261"
Vega Protocol,"$      3,009,579.9844"
GuildFi,"$      3,091,098.3572"
CoinEx Token,"$      1,753,806.2501"
Steem Dollars,"$      6,072,867.4310"
Wrapped NCG (Nine Chronicles Gold),"$      4,543,195.5467"
Marinade Staked SOL,"$     23,533,565.1742"
Bonfida,"$      4,866,692.5133"
BoringDAO,"$          4,230.6793"
Assemble Protocol,"$      1,241,484.4179"
QuickSwap,"$     12,302,561.5261"
Ribbon Finance,"$      2,724,620.1842"
Swarm,"$      3,178,597.3753"
RChain,"$        491,966.4250"
Energi,"$        438,506.2653"
XMON,"$      2,028,831.5641"
PolySwarm,"$      2,532,239.5252"
FIO Protocol,"$      2,638,441.8128"
DeRace,"$      1,677,309.1901"
Kava Lend,"$      7,007,589.4259"
Deeper Network,"$      3,606,210.8325"
Samoyedcoin,"$      5,142,057.2678"
Streamr,"$      7,294,387.9599"
DigixDAO,"$          8,450.9741"
Maro,"$        642,014.5032"
RFOX,"$      2,647,194.6835"
Kin,"$      1,536,200.9867"
Akropolis,"$     14,407,083.6482"
BarnBridge,"$     74,011,526.9980"
Highstreet,"$     24,869,372.4566"
Quantstamp,"$        740,748.5684"
NFTX,"$        406,996.5467"
Somnium Space Cubes,"$        350,701.1498"
ZIMBOCASH,"$         11,239.5047"
Unifty,"$      1,713,368.0428"
Tranchess,"$     16,963,364.1947"
Venus USDT,$              0.0000
CoinLoan,"$         55,351.7583"
Gas,"$      8,149,187.4638"
SIX,"$      1,754,543.6623"
MANTRA DAO,"$      5,595,798.7800"
Bluzelle,"$     12,213,056.1481"
Thetan Arena,"$      3,618,847.2484"
Aeternity,"$      2,055,331.5598"
NewYork Exchange,"$        367,433.4966"
Oxen,"$        787,103.5559"
Kleros,"$        995,014.6550"
SuperRare,"$     11,323,101.1846"
Cortex,"$      7,401,714.0655"
Ultiledger,"$         22,776.3184"
DXdao,"$        157,046.8897"
Bloomzed Loyalty Club Ticket,"$          7,867.4771"
Star Atlas,"$      6,031,447.3579"
Firo,"$      2,818,976.6345"
AllianceBlock,"$        871,531.1133"
Namecoin,"$         16,186.2055"
XDEFI Wallet,"$      3,311,231.9518"
SingularityDAO,"$      2,539,108.2496"
NULS,"$     10,915,311.2970"
Litentry,"$     26,613,848.2028"
FirmaChain,"$      6,199,760.5609"
YIELD App,"$        968,914.3865"
BSCPAD,"$      1,614,871.5294"
Reserve,"$         86,134.5581"
Chrono.tech,"$        431,721.9679"
USDK,"$     66,327,645.5850"
Grid+,"$         42,974.8617"
BTSE,"$      1,741,541.4284"
Civilization,"$      1,128,355.6175"
MAP Protocol,"$        373,112.4830"
DODO,"$     50,586,109.1513"
WHALE,"$        736,621.6186"
Metronome,"$         33,550.0085"
Zenon,"$        201,141.3027"
X World Games,"$      7,839,875.5359"
TerraKRW,"$         72,187.1105"
New BitShares,"$      2,598,421.9884"
SelfKey,"$     24,118,220.8494"
AhaToken,"$      2,023,751.7888"
AMO Coin,"$      1,543,867.4500"
HyperDAO,"$         84,319.1112"
Frontier,"$     12,032,553.2833"
PARSIQ,"$      1,596,006.0917"
Metacraft,"$      1,315,540.4084"
Measurable Data Token,"$      6,772,240.0466"
Fusion,"$      1,347,293.4158"
AnimalGo,"$      1,567,186.3358"
Valobit,"$         71,353.3896"
Newscrypto,"$      3,331,088.9592"
LATOKEN,"$         28,672.1876"
Lattice Token,"$      1,593,580.6004"
Manchester City Fan Token,"$     10,632,509.2183"
Bella Protocol,"$     13,017,357.5890"
Aion,"$      4,797,915.8125"
MixMarvel,"$      2,143,187.4173"
Venus XVS,$              0.0000
e-Money,"$      1,352,866.1090"
Tellor,"$     22,569,091.4545"
Revolution Populi,"$         99,019.4207"
Hermez Network,"$        304,394.7306"
RAMP,"$      5,924,389.9730"
CargoX,"$        219,740.5515"
HOPR,"$        985,333.8961"
Drep [new],"$        339,911.6210"
Crypterium,"$      6,464,500.2580"
Poseidon Network,"$        160,705.0495"
Polkadex,"$        751,759.7309"
StaFi,"$      9,374,594.5561"
Bytom,"$      5,124,641.0463"
Ooki Protocol,"$     21,547,877.7743"
Karura,"$      1,709,444.4956"
Kryll,"$      1,784,644.7534"
Mobius,"$         65,380.5910"
H2O DAO,"$     35,714,335.1104"
Mithril,"$      4,802,928.7115"
GameFi,"$      1,162,563.7014"
RSS3,"$     11,710,649.4384"
DxChain Token,"$         30,544.9485"
BTU Protocol,"$          1,171.6720"
MEVerse,"$        542,148.7821"
Bitrue Coin,"$     16,395,443.3960"
ApeSwap,"$      1,438,639.2524"
StarTerra,"$        959,107.7823"
DeXe,"$      7,297,430.2404"
Crabada,"$      2,194,262.8809"
CONTRACOIN,"$         21,646.6521"
Invictus Hyperion Fund,"$          8,986.2958"
Paris Saint-Germain Fan Token,"$     10,887,357.4092"
Saito,"$      4,140,911.7205"
Numbers Protocol,"$      2,895,780.4572"
Student Coin,"$        753,070.9716"
ONBUFF,"$      2,239,687.7486"
Beam,"$      4,764,465.8070"
QASH,"$        123,223.5574"
Quiztok,"$        616,507.7322"
Edgeware,"$        908,829.4310"
SOLVE,"$        957,072.6575"
GET Protocol,"$        199,226.5664"
GYEN,"$      1,433,752.7507"
Impossible Finance Launchpad,"$      1,180,471.8846"
ScPrime,"$         86,703.6122"
BASIC,"$        442,942.9594"
PKT,"$         28,954.0419"
Pluton,"$      2,581,518.2127"
InsurAce,"$      2,249,307.3864"
Gifto,"$      3,011,464.4727"
Position Exchange,"$      4,514,654.4863"
Adappter Token,"$        939,966.5691"
PowerPool,"$      3,274,381.6589"
Apollo Currency,"$        942,037.1164"
ReapChain,"$        881,687.9992"
BitForex Token,"$        664,384.9022"
Ariva,"$      4,139,564.2565"
WaykiChain,"$        989,869.5324"
OneLedger,"$      1,274,208.7161"
Star Atlas DAO,"$      2,606,312.5571"
DEXTools,"$        779,294.4092"
MAPS,"$      1,428,957.4527"
Santiment Network Token,"$         44,759.1810"
S.S. Lazio Fan Token,"$      5,499,237.4616"
Cere Network,"$      6,254,167.9486"
Aurox,"$      1,214,451.6276"
Bytecoin,"$         33,400.2604"
SHPING,"$      1,199,931.5011"
Cream Finance,"$      4,546,001.0021"
BUX Token,"$      1,136,248.2549"
dForce,"$      5,057,619.3667"
Gemma Extending Tech,"$      2,709,197.9726"
Waltonchain,"$      2,065,245.2556"
Nimiq,"$        296,832.5326"
Permission Coin,"$        711,210.4485"
MATH,"$        582,961.6738"
Sentinel,"$        721,419.9139"
BEPRO Network,"$      3,054,574.8609"
Dock,"$      3,947,642.8858"
GoChain,"$        526,764.1668"
DeFine,"$      9,224,514.9820"
Bounce Finance Governance Token,"$      3,662,041.2849"
ZKSpace,"$      5,330,214.9837"
Altura,"$        793,112.3976"
MileVerse,"$      1,551,162.8559"
ICHI,"$        329,832.8147"
Solanium,"$      2,848,095.3997"
FC Porto Fan Token,"$      9,815,565.9709"
Everest,"$        232,927.7090"
FC Barcelona Fan Token,"$      1,676,273.9578"
The Midas Touch Gold,"$        531,862.8087"
VIMworld,"$         31,230.3128"
CoinPoker,"$        106,463.0248"
BOSAGORA,"$        998,138.9893"
Rainicorn,"$        209,194.4203"
pNetwork,"$      3,674,605.7461"
Dego Finance,"$     13,283,937.4975"
Electric Vehicle Zone,"$        424,451.8713"
King DAG,"$         58,239.4166"
VITE,"$      2,969,485.3996"
0Chain,"$        589,214.0859"
Quantum Resistant Ledger,"$         30,619.9696"
ELYSIA,"$        424,809.8597"
Burger Swap,"$      7,683,387.6248"
BitKan,"$        142,443.7558"
Dora Factory,"$      8,640,456.4465"
TABOO TOKEN,"$        101,240.6647"
Arianee,"$         49,232.4044"
Woodcoin,"$        134,293.1999"
ForTube,"$     13,308,200.3910"
BIDR,"$     64,216,000.8684"
Router Protocol,"$      2,286,882.4608"
Hacken Token,"$      1,714,297.4818"
SUKU,"$      5,621,716.4541"
MetagamZ,"$         63,999.6297"
Dovu,"$         46,036.3904"
Era Token (Era7),"$        988,465.6430"
LGCY Network,"$        302,227.8454"
Cellframe,"$        780,713.6967"
USDJ,"$      6,554,446.9820"
Rupiah Token,"$        473,916.0994"
Callisto Network,"$         30,355.5247"
LABEL Foundation,"$        531,317.3553"
GamerCoin,"$        425,502.9753"
StackOs,"$        375,968.1461"
TEMCO,"$        184,240.3095"
Woonkly Power,"$      3,644,386.6039"
Counterparty,"$        101,536.4318"
AirSwap,"$        633,570.0019"
v.systems,"$      1,831,136.3327"
Green Satoshi Token,"$     70,398,381.1830"
Xeno Token,"$      1,183,002.9328"
Stronghold Token,"$        136,003.9009"
ERC20,$            148.6110
Nexus,"$        493,249.1791"
Stratos,"$      1,517,702.6947"
Lossless,"$      2,890,630.9710"
AC Milan Fan Token,"$      6,829,628.0933"
Hiblocks,"$        140,895.8750"
Vertcoin,"$        283,345.8316"
ReddCoin,"$         39,715.2825"
Rubic,"$        925,855.2724"
Ternoa,"$        658,177.7379"
Zebec Protocol,"$      4,759,552.4327"
Cryptex Finance,"$      1,159,663.1752"
Dotmoovs,"$      4,987,359.6273"
Gamium,"$      6,002,984.1989"
Gods Unchained,"$     11,256,689.0426"
Inverse Finance,"$      2,026,403.2379"
VIDT Datalink,"$      3,763,274.5479"
DeFi Land,"$        153,458.1738"
TNC Coin,"$      1,477,394.2057"
Unifi Protocol DAO,"$     24,229,521.4025"
REVV,"$      6,445,936.5602"
Glitch,"$        341,896.8664"
Carbon,"$         38,588.6352"
Time New Bank,"$        361,052.5547"
UniCrypt,"$        381,446.1315"
Observer,"$        204,285.8974"
Soda Coin,"$        446,514.8642"
Lunar,"$      1,655,454.8022"
Hoge Finance,"$        183,906.4974"
Auto,"$      3,634,679.8092"
Ethereum Push Notification Service,"$      1,026,744.4329"
smARTOFGIVING,"$         11,305.9257"
Shiryo,"$        445,502.7528"
PearDAO,"$        334,328.4916"
LBRY Credits,"$         40,556.9939"
TokenClub,"$      4,092,875.8514"
Wing Finance,"$      3,571,515.2601"
Opulous,"$      3,415,683.6826"
Pendle,"$        841,262.6987"
Bitball Treasure,"$        154,950.2404"
Mogul Productions,"$        685,505.5829"
ChainGuardians,"$        715,098.3965"
Banano,"$        235,716.8870"
DeGate,"$        155,799.8408"
GPEX,"$         73,162.6369"
ChainX,"$      2,671,442.6950"
Santos FC Fan Token,"$      4,391,833.9057"
ProBit Token,"$         24,714.4510"
Birake,"$         68,935.0938"
Blockchain Brawlers,"$      3,455,647.5959"
Inter Milan Fan Token,"$      1,243,784.2947"
Goldfinch,"$        741,389.7315"
PAC Protocol,"$         74,652.6314"
PERL.eco,"$      2,850,158.4619"
Newton,"$         47,216.3157"
Obyte,"$          4,845.6386"
Fuse Network,"$      1,255,375.0639"
Epic Cash,"$         75,632.8618"
NFTrade,"$        340,606.6362"
Orion Money,"$      1,649,589.5452"
HyperCash,"$        514,836.5286"
PolkaFoundry,"$        500,042.9960"
AntiMatter Governance Token,"$      2,866,953.9402"
O3 Swap,"$      1,585,891.7641"
Retreeb,"$        401,673.9463"
FIBOS,"$        167,044.7158"
Nash,"$        148,466.6884"
NFTY Network,"$        735,691.4642"
Pallapay,"$        288,466.0552"
Visor.Finance,$              0.0000
Infinitecoin,$              0.0000
Cyclub,"$        987,091.6392"
Validity,"$        216,674.9253"
FOAM,"$         42,573.5512"
Atari Token,"$         48,065.4200"
Zigcoin,"$        344,038.9585"
ASTA,"$      1,356,039.7754"
Lotto,$              0.0000
Aventus,"$        344,828.8560"
Doge Dash,"$        424,924.7332"
Bitcoin 2,$            300.5849
Unisocks,"$         12,458.4412"
vEmpire DDAO,"$      4,877,818.3030"
Peercoin,"$          6,932.9401"
ShareToken,"$      1,519,016.8084"
EPIK Prime,"$      1,728,716.7986"
BullPerks,"$        333,655.5666"
PAID Network,"$        224,498.1424"
Kylin,"$        160,982.6285"
OpenOcean,"$      4,033,540.5196"
PIVX,"$        184,866.4313"
PRIZM,"$          1,974.2756"
Unicly CryptoPunks Collection,"$         50,894.6446"
Anchor,$              0.0000
Venus Reward Token,"$        191,623.6666"
Throne,"$      3,834,102.0705"
SORA,"$        918,888.0977"
apM Coin,"$        291,389.5034"
Sentivate,"$         40,718.9271"
MEET.ONE,$              4.1040
Arcblock,"$      1,752,206.4192"
Hot Cross,"$     13,672,565.3223"
BABB,"$        354,011.5886"
BigONE Token,$              0.0000
NerveNetwork,"$        174,502.8387"
Dragonchain,"$         52,405.0380"
Vivid Labs,"$        199,242.5510"
Project WITH,"$        553,905.0768"
Grin,"$        202,948.6415"
Huobi Pool Token,"$         72,850.6784"
#MetaHash,"$        333,075.3690"
Reflexer Ungovernance Token,"$         41,909.9710"
Pangolin,"$      2,473,893.2412"
Bread,"$        578,132.1789"
Spartan Protocol,"$        688,530.9195"
Populous,"$        331,671.8263"
TouchCon,$              2.7511
POA Network,$             13.4354
Bitcoin Private,$              9.5918
Exeedme,"$      1,046,963.1597"
Vesper,"$        144,210.3206"
Electra Protocol,"$         69,144.1093"
CWV Chain,$              0.0000
Stakeborg DAO,"$        174,714.8901"
Morpheus Labs,"$        142,573.8748"
MILC Platform,"$      1,027,878.4159"
Global Coin Research,$              0.0000
Polkamarkets,"$      5,587,036.1448"
Signum,"$         11,795.3981"
DSLA Protocol,"$        766,790.6376"
BLOCKv,"$          1,221.1476"
Oraichain,"$        622,023.3196"
Pawtocol,"$      2,047,112.4268"
Hamster,"$        329,336.6545"
K21,"$         97,834.2080"
Galatasaray Fan Token,"$        808,700.3048"
TE-FOOD,"$        137,079.1734"
Mint Club,"$      2,073,692.6058"
Shyft Network,"$        473,158.7765"
Raiden Network Token,"$         83,079.1463"
Mobility Coin,"$         36,583.6120"
JulSwap,"$      1,293,203.1039"
Mirrored Tesla,"$      1,910,995.8515"
Belt Finance,"$        297,579.0769"
APY.Finance,"$         54,980.1811"
Solrise Finance,"$         88,133.9132"
HAPI Protocol,"$      3,057,456.3222"
DAPS Coin,$             26.0248
Minter Network,$            281.4412
TriumphX,"$        173,563.8569"
Era Swap,"$         88,020.3076"
ProximaX,"$        100,284.1913"
Nebulas,"$      1,049,931.5884"
Sylo,"$        796,116.4358"
Particl,"$          1,909.8731"
SpiritSwap,"$        408,735.8781"
StrikeX,"$        280,430.7669"
PornRocket,"$        499,486.7369"
Ignis,"$        178,559.7953"
TrustVerse,"$        231,591.3301"
Receive Access Ecosystem,"$         15,990.0645"
Safe Haven,"$        229,504.5153"
Dacxi,"$        159,127.2776"
MultiVAC,"$      2,727,872.8840"
Govi,"$        588,758.4796"
StableXSwap,$            265.7352
SHILL Token,"$      3,965,572.2781"
Atletico De Madrid Fan Token,"$      1,312,091.3340"
Tokamak Network,"$      8,053,174.8702"
Tachyon Protocol,"$        262,101.9508"
Opacity,"$        136,793.5431"
Navcoin,"$        187,947.7607"
DIGG,"$         54,785.7412"
GoCrypto Token,"$         60,574.9877"
Primate,"$      1,055,644.7738"
Polychain Monsters,"$      3,075,686.9526"
Blocery,"$        240,568.5707"
Misbloc,"$        641,897.5849"
saffron.finance,"$        133,008.9558"
Kalmar,"$        238,604.9077"
MandoX V2,"$         11,112.4001"
BENQI,"$     15,935,074.1746"
WOM Protocol,"$        591,830.6404"
Kryptomon,"$        565,325.3438"
Poolz Finance,"$        399,385.0011"
Tokenomy,"$         11,148.8308"
UniLend,"$      2,441,868.2302"
BetU,"$        309,049.9183"
Abyss,"$        393,842.0197"
Konomi Network,"$      2,397,272.3689"
MahaDAO,"$        858,229.6593"
Monero Classic,"$         35,191.4600"
Xaya,"$         54,408.2109"
DeHub,"$         57,081.2906"
Infinity PAD,"$         28,991.1191"
Venus LTC,$              0.0000
CloakCoin,"$          3,709.6003"
ChangeNOW Token,$            600.9947
BHPCoin,"$         54,909.4361"
Deri Protocol,"$        349,931.0008"
Dexlab,"$        132,739.4716"
BitNautic Token,"$         10,919.3063"
LikeCoin,"$         40,615.9153"
Zynecoin,"$         21,024.8540"
Hegic,"$        699,819.3481"
BnkToTheFuture,"$         28,046.5188"
Safex Token,$              0.3054
Tulip Protocol,"$        371,607.1527"
ONSTON,"$     11,121,738.0107"
MCDEX Token,"$        433,687.5929"
Jupiter,"$        480,129.2056"
Mirrored iShares Silver Trust,"$      1,118,304.2594"
Mirrored Apple,"$      2,451,537.3359"
Wabi,"$      1,150,183.6456"
GameCredits,"$         98,464.3646"
Only1,"$        712,091.8473"
Modefi,"$        285,670.3814"
Darwinia Network,"$      1,262,746.0227"
SwftCoin,"$      4,375,712.3075"
Vidya,"$         62,274.0837"
Swop,"$         45,120.2383"
Robonomics.network,"$        571,254.4088"
NFT Art Finance,"$        782,687.9240"
Lithium,"$      1,805,019.1567"
AAX Token,"$        724,802.1828"
Cardstack,"$        270,145.6253"
Emirex Token,"$         33,206.3504"
Dentacoin,"$        189,912.3866"
STEM CELL COIN,"$         31,053.3364"
Torum,"$        850,772.0790"
Linker Coin,"$          1,057.8126"
ZooKeeper,"$        431,763.7106"
Mobilian Coin,$              0.0000
dHedge DAO,"$        128,323.9398"
Ispolink,"$      3,707,845.1658"
Mirrored Invesco QQQ Trust,"$      2,309,784.4011"
Swash,"$      3,284,381.3901"
Zano,$            520.2821
PolkaBridge,"$      2,023,862.3846"
Valor Token,"$        280,336.9096"
Venus DAI,$              0.0000
ACENT,"$      1,492,495.4765"
ROOBEE,"$        569,116.3972"
Venus SXP,$              0.0000
Agoras: Currency of Tau,"$          4,650.7076"
Smart MFG,"$         91,901.4831"
Shopping,"$      1,057,496.8963"
DAFI Protocol,"$        519,341.6837"
Internxt,"$        372,446.0039"
Genaro Network,"$      1,214,395.2934"
Chainge,"$        605,696.2570"
The HUSL,"$      1,173,376.3697"
Gameswap,"$      1,777,238.8337"
BOLT,"$        216,470.3985"
Metaverse ETP,"$         22,566.9963"
SIDUS,"$        817,689.9824"
Trabzonspor Fan Token,"$      2,480,703.7001"
All Sports,"$      1,980,228.8564"
Shirtum,"$         95,763.9650"
GAMEE,"$      1,701,016.3011"
IQeon,"$         94,579.8019"
GATE,$              0.0000
Venus LINK,$              0.0000
Dogs Of Elon,"$      1,103,872.1317"
Waves Enterprise,"$        279,967.2399"
Blockchain Monster Hunt,"$        526,234.6147"
Ambrosus,"$        132,878.9981"
CACHE Gold,"$        237,337.3191"
STEP,"$        942,845.0062"
SaTT,"$         73,119.4843"
ThreeFold,"$         65,420.4139"
Tranche Finance,"$         32,718.2993"
Pickle Finance,"$      1,214,319.4141"
Cashaa,"$        562,082.7001"
EOS Force,"$        104,627.9869"
SafeMoon Inu,"$        112,442.4379"
DECOIN,"$         29,970.4489"
suterusu,"$        281,871.9515"
CumRocket,"$        103,170.5239"
SafeCoin,"$          1,975.5880"
Mirrored Amazon,"$      1,700,933.6616"
Adora Token,"$         34,005.4213"
Neblio,"$         85,072.3564"
LABS Group,"$        224,070.9099"
Prism,"$         64,633.6922"
SparkPoint,"$        275,264.8229"
Etherisc DIP Token,"$         55,546.0949"
Plian,"$         48,342.2417"
PlanetWatch,"$        283,837.2934"
Kunci Coin,"$      3,298,702.7702"
DeepBrain Chain,"$        141,832.0365"
BiFi,"$        439,618.4974"
STATERA,$              7.6993
UBIX.Network,"$      1,359,668.8578"
Anchor Neural World,"$        987,879.3027"
Mirrored Microsoft,"$      2,133,614.9885"
Sinverse,"$     10,794,525.9920"
Project TXA,"$        604,441.3139"
Moeda Loyalty Points,"$        203,289.3082"
Seele-N,"$      6,015,711.3592"
Crypton,"$        203,264.7505"
TenX,"$        110,078.3692"
Juventus Fan Token,"$      5,425,873.8568"
OAX,"$        100,460.9446"
KARMA,$             56.7882
DEXA COIN,"$        458,566.5870"
AS Roma Fan Token,"$      7,344,089.7157"
Phoenix Global (new),"$        715,607.3380"
Aidos Kuneen,"$        296,620.5533"
BaaSid,"$        209,275.5464"
Atomic Wallet Coin,"$         31,955.2413"
Bifrost (BNC),"$        692,261.2308"
Big Data Protocol,"$        663,219.0866"
Pundi X NEM,$            221.7793
Spheroid Universe,"$        107,053.3087"
Carboncoin,$              0.0000
Kromatika,"$        445,943.8245"
Diamond,"$         14,096.3709"
Niftyx Protocol,"$        105,922.5408"
Nxt,"$        159,868.0873"
ILCOIN,"$          5,425.9000"
FaraLand,"$        686,076.5209"
Trias Token (new),"$      5,187,600.7315"
Aurora,"$        247,808.4808"
DogeBonk,"$        346,357.1348"
Geeq,"$        277,031.7994"
SENSO,"$        989,551.2706"
PUBLISH,"$         35,967.2416"
EVRYNET,"$      1,938,983.3107"
FREEdom Coin,"$        684,689.7861"
Swingby,"$        372,345.2923"
OneArt,"$        123,241.7883"
RioDeFi,"$        787,675.3031"
Mirrored United States Oil Fund,"$      2,011,793.9266"
SIBCoin,$              3.1330
RocketX exchange,"$        340,579.7561"
Revomon,"$        375,123.8147"
Degenerator Meme,"$         59,652.7831"
Growth DeFi,"$         56,247.1048"
Mysterium,"$         55,772.5192"
Einsteinium,"$        201,352.9816"
Bao Finance,"$        152,132.9683"
Tokoin,"$        525,075.9389"
Wownero,"$         33,209.2193"
0xBitcoin,"$        170,286.6843"
Mirrored Alibaba,"$      1,363,980.3373"
Monolith,"$          4,057.0600"
Rangers Protocol,"$      8,605,232.9441"
BBS Network,"$         77,692.5438"
Signata,"$         11,889.5194"
HoDooi.com,"$        716,250.3864"
Florin,"$          2,791.1158"
NFTb,"$        406,981.3223"
Onooks,"$        105,362.0676"
Levolution,"$         28,534.4936"
Taraxa,"$      1,065,001.2433"
UpBots,"$        415,910.0782"
ZeroSwap,"$        851,858.3827"
Breezecoin,"$          1,704.3980"
Xend Finance,"$      3,892,397.8181"
Achain,"$        174,746.9933"
Fenerbahçe Token,"$      2,330,319.6106"
Mirrored Netflix,"$      1,069,762.9595"
GNY,"$         47,702.6515"
DEEPSPACE,"$         43,000.5386"
Litecoin Cash,$            530.8542
bitCNY,"$      5,611,138.3358"
GTONCapital,"$          5,946.5040"
EpiK Protocol,"$        990,464.1977"
Cirus Foundation,"$      1,068,567.4231"
Clearpool,"$      1,614,492.7375"
Crust Network,"$      1,040,220.2451"
Jobchain,"$        134,770.0052"
ParaSwap,"$        584,334.4048"
Venus DOT,$              0.0000
Umbrella Network,"$        796,065.4448"
Vita Inu,"$      2,322,330.2451"
STARSHIP,"$         69,935.0897"
CBC.network,"$         87,905.8770"
ExNetwork Token,$              0.0000
ColossusXT,$             29.5748
SolChicks Token,"$        188,291.3275"
Seascape Crowns,"$      1,084,996.8342"
SmartMesh,"$         48,747.7275"
Thorstarter,"$        648,572.5064"
Lamden,"$         69,945.1449"
SONM (BEP-20),"$         74,599.1161"
Sarcophagus,"$          2,859.5685"
Mirrored Twitter,"$        722,471.9548"
Lambda,"$        958,434.7225"
Monsta Infinite,"$      1,286,244.6975"
SpaceFalcon,"$         87,318.4561"
Valencia CF Fan Token,"$      1,577,181.1972"
Decentral Games ICE,"$        186,890.9717"
88mph,"$        356,203.1406"
Ferrum Network,"$        795,041.3690"
SALT,"$         30,656.2156"
mStable Governance Token: Meta (MTA),"$        780,345.7917"
Oxygen,"$      1,030,755.3447"
Skey Network,"$        653,736.0405"
Public Mint,"$         92,410.9968"
BOX Token,$              0.0000
EasyFi,"$        177,882.6154"
iMe Lab,"$        794,316.6229"
VestChain,$              0.0000
Strips Finance,"$        313,104.2160"
GMCoin,"$         75,726.8477"
Viberate,"$        327,182.4941"
Lith Token,$            704.6130
GameZone,"$        730,149.5069"
QuadrantProtocol,"$         68,285.0990"
CyberMiles,"$        198,828.7837"
MetaPets,"$         33,313.0733"
Oxbull.tech,"$         80,301.2861"
Offshift,"$        236,823.3497"
Idavoll DAO,"$        134,264.6531"
Defigram,"$      1,339,533.3611"
GENRE,$              0.0000
Arsenal Fan Token,"$        490,761.4313"
ADAPad,"$        137,739.1991"
Dfyn Network,"$      1,212,091.4346"
Idle,"$         29,583.1467"
Ghost,"$          5,048.1464"
Unbound,"$        219,869.0839"
Revolve Games,"$         58,165.2982"
Pacoca,"$        204,064.0507"
FNDZ,"$        213,724.0154"
Enecuum,"$        428,101.8722"
Portion,"$          4,922.5217"
LuaSwap,"$         37,583.8560"
DuckDaoDime,"$        322,424.4840"
Rotharium,"$        133,914.4398"
Oddz,"$        303,019.9205"
ArdCoin,"$         91,936.9025"
Bone ShibaSwap,"$      3,767,492.1858"
Muse,"$         71,765.2588"
Krios,$            796.2951
OTOCASH,$              0.0000
WELL,"$         70,586.6379"
Safex Cash,"$         15,422.8154"
AXIS Token,$            255.9028
FortKnoxster,"$        424,119.4200"
Digital Fitness,"$        217,334.4264"
PlotX,"$        172,210.0406"
Feathercoin,"$         16,617.6965"
TrueFeedBack,"$         55,990.0196"
Vetri,$              0.0000
APIX,"$      1,594,973.3879"
Decimated,"$        393,394.0656"
Tarot,"$        287,112.5142"
unFederalReserve,"$        387,583.7679"
Don-key,"$        187,550.2195"
KCCPAD,"$         24,865.8205"
Covesting,"$        139,591.8267"
Folgory Coin,"$         25,521.9344"
Green Ben,"$          9,725.7010"
TFL.io,$              0.0000
Credits,"$         42,238.9806"
Sonar,"$         49,225.5151"
Juggernaut,"$      1,279,801.5934"
Kattana,"$        129,970.8039"
Conceal,"$         62,551.0211"
REPO,"$        201,966.5877"
Massnet,"$      2,379,390.5690"
DOC.COM,"$        148,998.6289"
Insights Network,$              0.0000
PLATINCOIN,"$         98,185.9881"
Convergence,"$        745,016.8980"
DOGGY,"$        726,328.5812"
Wagerr,"$          8,201.9471"
Beyond Protocol,"$        543,719.4796"
Footballcoin (XFC),"$        120,288.6085"
Elemon,"$         65,088.7835"
StakeCubeCoin,"$          4,199.0093"
TOP,"$        544,973.1158"
DiFy.Finance,$              0.0000
Integral,"$        411,356.0157"
WOOF,"$         51,094.1193"
DeFiner,"$        255,515.2977"
Kalao,"$        512,487.9015"
OG Fan Token,"$      4,458,397.7751"
YUSRA,$              0.0000
ZBG Token,"$         99,838.5767"
Botto,"$         66,546.9293"
Mist,"$      1,471,593.5807"
ALLY,"$         29,783.9627"
TrueChain,"$        169,486.8179"
Basid Coin,$              0.0000
Bibox Token,"$      4,146,352.8181"
CyberVein,"$        116,019.5800"
UFC Fan Token,"$        214,732.1746"
Project Pai,"$          2,437.3565"
Unslashed Finance,"$         15,994.4847"
Smartlands Network,$              0.0000
MONK,"$         15,023.3160"
VeriDocGlobal,$              0.0000
WagyuSwap,"$        204,651.3452"
DOSE,"$      3,177,766.1684"
Matrix AI Network,"$        376,426.4438"
MASQ,"$        123,230.9676"
Iconic Token,"$          2,154.3755"
Ryoshi Token,"$         85,174.1240"
AXPR,"$         83,279.5848"
UniLayer,"$        973,324.5171"
Monetha,"$        128,631.3290"
Bridge Mutual,"$         61,706.6130"
BOOM,$              0.0000
CyberFi Token,"$         51,678.6929"
Vabble,"$         45,819.6028"
EvidenZ,"$         11,211.6187"
Bird.Money,"$         72,644.0597"
VINchain,"$        189,654.0048"
Garlicoin,"$          3,754.1915"
Gridcoin,"$         24,587.2248"
Kommunitas,"$        367,211.6899"
ARMOR,"$         36,646.0877"
MintMe.com Coin,"$          2,030.8097"
Lympo,"$        347,395.8417"
Nord Finance,"$        560,870.7861"
Arcona,"$         62,482.0923"
Factom,"$         38,502.6661"
Sakura,"$      1,383,457.1812"
Kambria,"$         44,069.8797"
WebDollar,"$         78,175.9095"
ClearDAO,"$      2,202,625.6801"
Lightning,"$         29,939.7392"
BlockWallet,"$        400,354.3576"
MIR COIN,"$         34,912.8904"
NewYorkCoin,$            864.3842
YUMMY,"$        159,523.6904"
TENT,$              0.0000
Metaverse Dualchain Network Architecture,"$         18,384.4380"
YF Link,$             87.9004
Ripio Credit Network,"$         27,696.1533"
Virtue Poker,"$         66,297.5783"
Attila,"$         21,742.4887"
MicroPets,"$        268,626.7539"
TOWER,"$        934,231.6725"
CryptoBlades,"$        807,151.9400"
1-UP Platform,"$         64,787.3995"
Yield Optimization Platform & Protocol,"$        277,758.2921"
GAMB,"$         26,536.1399"
SunContract,"$        318,759.3521"
The ChampCoin,$              0.0000
Tiger King Coin,"$         22,293.7672"
BillionHappiness,"$        108,822.7867"
Wall Street Games,"$      2,722,005.2145"
1World,"$          1,372.3752"
High Performance Blockchain,"$        253,955.4481"
AMLT,$            547.8648
Monavale,"$         41,295.9408"
Skycoin,$              8.7809
Mcashchain,$              0.0000
QuickX Protocol,$              9.5083
Synthetify,"$        128,589.6949"
DeFi Yield Protocol,"$      1,099,782.1714"
EXMO Coin,"$        122,325.4836"
Life Crypto,"$      1,473,143.7093"
Razor Network,"$        375,092.8949"
EOSDT,$              0.9357
Decentr,"$        343,652.5545"
YAM V3,"$        151,385.4897"
42-coin,$              0.0000
Idena,"$         98,815.7680"
OIN Finance,"$        325,133.0243"
Unido EP,"$        145,115.6791"
Blockzero Labs,"$         63,463.7965"
Hiveterminal Token,"$          2,423.3659"
SmartCredit Token,$            809.0498
INT,"$        248,700.6055"
Pillar,"$         50,928.9131"
Databroker,$            319.9852
QLC Chain,"$         85,389.1222"
Blocknet,"$          2,322.6506"
Eden,"$      2,865,876.3987"
BitcoinZ,"$         50,653.6960"
BollyCoin,"$        203,537.0765"
Nabox,"$        554,404.2739"
KickToken,"$        597,463.1087"
Strong,"$      1,013,240.6770"
Furucombo,"$        642,381.8536"
YetiCoin,"$         87,644.6886"
ClinTex CTi,"$        580,710.5491"
SHOPX,"$      8,797,806.4302"
PowerTrade Fuel,"$         57,862.9775"
Hyve,"$        101,408.3186"
XY Finance,"$        328,366.2798"
Isiklar Coin,"$        322,966.6175"
NFT Index,"$          8,981.0025"
Perth Mint Gold Token,"$         13,659.0141"
Impossible Finance,"$         37,366.6797"
Moneytoken,$              0.0000
Edgeless,$              0.0380
Finxflo,"$         29,086.0336"
Empty Set Dollar,"$         27,091.4805"
pEOS,$            606.4938
SAFE DEAL,"$          3,208.5999"
Hydro Protocol,"$         30,818.2493"
Goldcoin,"$          4,363.6052"
Dimecoin,$              0.0000
AstroSwap,"$        149,733.4483"
Gather,"$        589,756.1833"
SpaceChain,"$         23,802.0474"
TransferCoin,$              0.0000
Landshare,"$        201,907.5779"
Cryptocean,"$         63,092.5227"
Gulden,"$          4,925.3500"
Hedget,"$        291,723.9100"
Olyseum,"$         19,878.3182"
Eminer,"$        351,303.7255"
Gunstar Metaverse,"$        183,432.0022"
Paribus,"$      1,003,245.1961"
Bondly,"$        321,337.9451"
The Crypto Prophecies,"$        401,842.4086"
RING X PLATFORM,"$      1,336,358.4730"
VIDY,"$        352,287.2017"
DeepOnion,$            820.6631
Zap,"$         52,910.2227"
ROCO FINANCE,"$        535,185.9842"
blockbank,"$        197,234.0616"
Binamon,"$      1,317,605.4557"
EUNO,$            434.0264
LOCGame,"$        690,133.8108"
Brokoli Network,"$         54,352.3425"
Egretia,"$         49,530.0594"
CryptoFranc,"$         24,664.8304"
Heroes Chained,"$        278,866.5779"
Unistake,"$         22,817.4398"
Binemon,"$      1,981,006.3977"
HEROcoin,"$         30,132.6633"
Fear,"$        725,908.8096"
Ubiq,"$          2,029.4539"
Jigstack,"$          6,993.5334"
OctoFi,"$         41,118.0218"
Dogey-Inu,$            429.0298
DAEX,"$          8,246.7567"
Azbit,$              0.0000
Plant Vs Undead,"$        183,445.3803"
Caspian,"$         21,316.2077"
King Shiba,"$        116,582.2333"
Bitspawn,"$        225,745.4502"
PieDAO DOUGH v2,"$         78,347.6447"
UniMex Network,"$         41,387.9832"
VIG,$            618.8694
COVA,$             96.8371
NFT,"$         31,741.4177"
Equalizer,"$         30,369.0644"
RealFevr,"$        314,690.7674"
Cryptaur,$              0.0000
Cindicator,$            314.3359
ParkinGo,$             42.2932
Cyclone Protocol,"$         73,216.1849"
BitCore,"$         91,602.3726"
GHOSTPRISM,$              0.0000
TopBidder,$              0.0000
TOKPIE,"$          9,443.8956"
VIBE,"$          3,170.6105"
Stream Protocol,"$          8,682.6996"
Inex Project,$              0.0000
Bloom,"$          4,050.4423"
IG Gold,"$          6,729.5876"
Polker,"$        307,471.7332"
Soldex,"$        744,847.2656"
Fabric,"$        117,204.0253"
CRD Network,$              0.0000
Kira Network,"$        425,730.8490"
PEPS Coin,"$          7,929.3978"
Autobahn Network,"$         19,389.2906"
Hyprr,"$        277,663.7054"
KamPay,"$        425,492.1203"
PLANET,"$        119,578.9567"
SENATE,"$        142,279.3593"
LiquidApps,"$          3,160.3178"
RealTract,$              0.0000
Cred,"$        912,466.7541"
Integritee Network,"$         14,239.0326"
Vexanium,"$         55,923.8470"
Refinable,"$      1,403,192.1142"
Hord,"$        198,943.4818"
PUTinCoin,"$          1,564.6647"
SmartCash,"$        115,706.4207"
Eden,$              3.7134
Patron,$              0.0000
CPChain,"$        241,969.1699"
carVertical,"$        120,331.6464"
Loser Coin,"$        476,162.2979"
Burency,"$         80,553.9259"
Cryptonovae,"$         37,215.9436"
SYNC Network,"$          1,297.6117"
Göztepe S.K. Fan Token,"$      1,807,922.4583"
Pawthereum,"$          6,001.3299"
Horizon Protocol,"$         65,245.8047"
Emercoin,"$          9,321.2565"
Swerve,"$      1,988,510.1074"
Metrix Coin,"$        182,615.9260"
Cajutel,$              0.0000
ETHPad,"$        424,048.1381"
Rhythm,"$          7,041.8464"
HTMLCOIN,"$          3,806.2234"
Tycoon,"$        228,119.6687"
EXRNchain,$              0.0000
Omni,$            849.6441
Rublix,$             83.2282
YOU COIN,"$        202,570.3113"
Opium,"$        151,967.6621"
PWR Coin,$              0.0000
WOWswap,"$         45,806.0443"
Medacoin,"$         18,748.9740"
AME Chain,"$        208,289.8205"
Neural Protocol,$              0.0000
Lanceria,"$        166,150.8671"
Gleec,"$        170,727.2092"
CoinMerge (ERC-20),"$          2,689.6195"
Duck DAO (DLP Duck Token),"$         19,053.4109"
Honest,"$        306,773.4018"
My DeFi Pet,"$      1,090,786.4840"
Xaurum,"$         23,591.1750"
Kaby Arena,"$         84,003.5558"
Curate,"$      1,818,346.6880"
Primecoin,$            813.1663
Kuai Token,"$        917,512.2865"
Graviocoin,$            109.7528
Unicly Mystic Axies Collection,$              0.0000
disBalancer,"$         91,100.9459"
UnMarshal,"$        694,307.3663"
CUTcoin,$            524.0207
Plasma Finance,"$         58,898.6591"
Effect Network,"$         93,673.4196"
BlackCoin,"$          1,774.1866"
ZUSD,"$         87,933.0653"
Whiteheart,"$         47,745.8766"
Raven Protocol,$            281.0391
Graphlinq Protocol,"$        222,996.4307"
Hakka.Finance,"$          6,427.3273"
FairGame,"$        687,117.7909"
ChessCoin,$              0.0000
Ditto,$            134.2647
WinStars.live,$              0.0000
Float Protocol (Bank),"$         37,247.4487"
Prosper,"$      3,097,027.7180"
Crust Shadow,$            989.9292
Origin Sport,"$         59,610.3406"
e-Gulden,$             73.8116
CHADS VC,$            106.2030
Stakenet,$              0.0000
HiCoin,$              0.0000
XCarnival,"$     10,451,719.7042"
Props Token,"$         88,176.3604"
LinkEye,"$         54,516.3802"
Odyssey,"$      1,176,155.4255"
Nitro Network,"$         13,781.9406"
CoinMerge (BEP-20),"$         12,087.2556"
Famcentral,"$         15,505.3869"
Hush,$            587.5110
KIWIGO,"$         38,313.7371"
X-CASH,"$          1,452.8060"
TenUp,"$        137,929.4161"
AnRKey X,"$         67,407.8386"
Bismuth,"$          5,437.0869"
Polytrade,"$      1,020,274.2666"
Leeds United Fan Token,"$        175,860.5213"
TurtleCoin,"$         49,457.3341"
Verso,"$         35,491.1774"
AICHAIN,$              0.0000
OpenWorld,"$        105,583.6547"
FujiCoin,$              0.0000
Lightning Bitcoin,"$        110,398.6948"
Drops Ownership Power,"$        780,790.1400"
Coreto,"$         18,294.2709"
NextDAO,"$        245,521.0618"
IoT Chain,"$        434,408.4621"
UREEQA,$            374.5192
BlackHat,"$        122,726.9800"
UBXS Token,"$        364,136.5031"
Kineko,"$         16,939.6505"
Ryo Currency,"$          3,720.9234"
Education Ecosystem,$              2.9291
Oduwacoin,"$          7,959.3849"
Viacoin,"$          6,876.5014"
Lendingblock,"$         12,980.7867"
SafeBlast,"$        248,294.6919"
Mytheria,"$         72,121.1845"
SIRIN LABS Token,"$          3,825.5845"
DRIFE,"$         66,046.7181"
DinoX,"$        675,159.1714"
PERI Finance,"$        691,538.4796"
Ycash,$            367.4736
Essentia,"$         26,987.7356"
MAX Exchange Token,"$         52,145.7939"
PulsePad,"$        259,211.2169"
Defina Finance,"$      1,459,329.3571"
SonoCoin,$              0.0000
Launchblock.com,"$         17,444.9905"
yieldwatch,"$         23,808.1415"
PRivaCY Coin,"$        152,750.1145"
Global Cryptocurrency,$              0.0000
Ideaology,"$      1,020,594.6388"
Quark,"$        109,979.0893"
UTU Protocol,"$          2,367.3598"
PolkaWar,"$        197,066.4806"
AmonD,"$          3,703.8008"
Zenfuse,"$         59,468.1368"
LINKA,"$         17,044.2616"
Global Social Chain,"$          3,599.7944"
Genesis Vision,"$          5,849.2420"
Dragon Kart,"$         56,977.2771"
MetaverseX,"$         59,698.6742"
Mind Music,"$        121,897.4826"
Sumokoin,"$         10,197.7647"
Zloadr,$              0.0000
Open Platform,"$         29,454.3848"
THEKEY,"$        192,288.6614"
Buying.com,"$        239,598.5644"
Cornichon,"$          7,943.5920"
Shard,"$          7,351.6581"
Flamengo Fan Token,"$         58,367.2403"
Carbon,"$         36,830.3291"
Dexsport,"$        184,362.1626"
Memetic / PepeCoin,$             15.4730
1irstcoin,"$          3,819.2941"
Centaur,"$         41,415.7275"
Helmet.insure,"$        230,260.6268"
Chronicle,"$        620,694.7787"
VNX,$              0.0000
WePower,$            566.2525
PumaPay,"$         10,179.3183"
Lokr,"$        316,872.9512"
Mochimo,$              0.0000
S4FE,$             10.0822
Xensor,"$         41,777.6900"
xRhodium,"$          5,842.9241"
DAV Coin,"$          2,771.4766"
Q DAO Governance token v1.0,$              0.0000
Game.com,"$         47,798.0050"
Bistroo,"$         49,971.8052"
SuperLauncher,"$          3,914.1711"
Antiample,$              0.0000
ShopNEXT,"$        221,249.1418"
PotCoin,"$          1,519.6086"
YOYOW,"$         50,007.6469"
Standard Protocol,"$        242,403.8780"
Nafter,"$      1,423,258.4463"
Scala,"$          4,838.5832"
Fractal,"$        111,702.3086"
DMM: Governance,"$        759,548.9153"
Argentine Football Association Fan Token,"$          5,484.6139"
Medicalchain,"$         24,595.1194"
SINOVATE,"$        110,800.6058"
TronEuropeRewardCoin,$              6.6631
Humaniq,"$         39,668.1932"
Polis,"$          8,832.3709"
Ethereum Gold Project,$              0.0000
Falconswap,"$         54,202.2189"
Silva Token,"$        159,297.0779"
FedoraCoin,"$         39,644.4091"
Genesis Worlds,"$         12,524.8754"
Swarm,"$          1,458.0524"
VisionGame,"$        922,530.2651"
Litex,"$        363,123.7383"
Skrumble Network,"$         73,432.0092"
DragonVein,$            402.1142
Rise,$            782.3758
Digix Gold Token,"$          1,694.3333"
DinoSwap,"$         15,067.2498"
Corra.Finance,"$          1,962.4024"
Davinci Coin,"$        147,369.1890"
Ruff,"$      3,218,507.7685"
CryptoZoon,"$        871,980.6053"
8PAY,"$         99,252.4833"
My Master War,"$        112,030.6241"
WeOwn,"$         64,718.9389"
Portugal National Team Fan Token,"$         64,627.4383"
Golos Blockchain,$            422.7855
ASKO,"$         84,056.2231"
Autonio,"$        123,294.8650"
Bitcoin Atom,$             47.1862
PetroDollar,$              0.0000
Spectre.ai Utility Token,$              0.0000
KanadeCoin,$              0.0000
Oikos,"$         21,424.7562"
NearPad,"$         77,234.6863"
BankerDoge,$              3.4476
S.C. Corinthians Fan Token,"$         49,356.7496"
Redpanda Earth,"$        157,315.4724"
BitBall,"$        111,896.5540"
Handy,"$         32,717.0734"
EarthFund,"$      2,442,925.8046"
PhoenixDAO,"$         77,065.1461"
LanaCoin,$              0.0000
Wings,$              6.9770
CropperFinance,"$         15,744.2795"
Tripio,"$         59,074.6372"
PIXEL,"$          4,069.2294"
ESBC,$              0.0000
Baanx,"$         13,032.9628"
LaunchZone,"$        300,235.8423"
Cappasity,"$        181,985.4839"
Golff,"$      4,542,282.4087"
Unification,"$        130,219.0979"
Vanilla Network,"$          1,400.1106"
Ixcoin,$              0.0000
OceanEx Token,"$          5,494.9681"
FYDcoin,"$          2,636.0809"
CannabisCoin,$             11.1543
SHIBAVAX,$            638.8077
AtromG8,"$         38,073.4119"
B-cube.ai,"$          6,160.8000"
XMax,"$      1,411,959.3388"
Unicly Hashmasks Collection,$              0.0000
HitChain,"$        837,717.6220"
Everton Fan Token,$            819.8890
Crowny,"$        134,701.6289"
Aston Martin Cognizant Fan Token,"$        100,878.9755"
Dynamic,$             31.7595
Aeon,$            624.1564
Nuco.cloud,"$         38,680.1752"
BEMIL Coin,"$         29,946.1534"
Falcon Project,$            153.0544
PlayFuel,"$      1,409,385.1415"
Snetwork,$             91.5519
SEEN,$            570.6222
Rune Shards,"$          3,906.2357"
Typerium,$             16.4741
BonusCloud,"$         26,604.4363"
Trittium,"$          6,059.2727"
OST,"$         28,725.6045"
Naka Bodhi Token,"$        158,009.6941"
Dev Protocol,"$         14,434.8361"
Ancient Kingdom,"$        192,923.7310"
Cat Token,$              0.0000
Signature Chain,$            705.5192
1X2 COIN,$              0.0000
Spore,"$          6,706.2607"
BitcoinHD,"$      1,308,615.2174"
Reward Hunters Token,"$          3,237.6278"
Tidal Finance,"$      2,782,823.3428"
Aston Villa Fan Token,"$        112,968.0579"
Raze Network,"$        452,152.2834"
Polyient Games Governance Token,"$         18,449.2751"
PayPie,$              0.1462
FintruX Network,$             40.7852
APYSwap,"$         80,842.9294"
Evedo,"$        306,565.6225"
Cook Finance,"$        296,401.4584"
DOS Network,"$         79,542.9218"
Leverj Gluon,$            115.5634
Tapmydata,$              0.0000
Wicrypt,"$        154,827.2600"
SUBX FINANCE LAB,"$        249,878.9114"
DAOstack,$            350.4988
Innovation Blockchain Payment,"$        322,321.6462"
Sypool,"$        666,445.6580"
Vidulum,"$          1,483.9683"
SynchroBitcoin,$              7.6794
PRIVATEUM INITIATIVE,$              0.0000
HeroesTD,"$         36,954.3125"
Darwinia Commitment Token,"$         53,678.1569"
Kcash,"$        887,669.2455"
Governor DAO,"$         39,394.1592"
X8X Token,"$          1,654.2572"
Debitum,"$         87,063.1914"
Alfa Romeo Racing ORLEN Fan Token,"$         76,022.9176"
Venus BCH,$              0.0000
TripCandy,"$        168,615.8727"
MediShares,"$         35,272.9045"
Aitra,$              0.0000
MurAll,"$         93,646.8422"
Swace,$             16.8624
Public Index Network,$            662.4844
UCA Coin,"$          1,710.7525"
Mrweb Finance,"$      1,713,137.2745"
Bob's Repair,$            581.7617
Elamachain,"$         33,228.9340"
Tadpole Finance,"$          2,790.9960"
Smaugs NFT,"$        185,644.4502"
CoTrader,$            270.7899
xHashtag DAO,"$        603,783.2437"
Bitgesell,$              0.0000
iEthereum,"$          1,691.7625"
UnlimitedIP,"$        516,548.7441"
Ares Protocol,"$        102,154.1599"
Streamity,$              0.0000
Base Protocol,"$         24,369.7499"
Hashgard,"$         30,975.7433"
Actinium,"$         17,464.8918"
Amon,$            837.4683
BHO Network,"$        209,302.7997"
2crazyNFT,"$         87,692.4914"
Clube Atlético Mineiro Fan Token,"$         45,279.0753"
DogeCash,$            923.3265
Karbo,$              8.0150
Gamerse,"$        109,125.0208"
DePay,"$          6,339.7802"
DATA,"$      1,401,369.1373"
Multiplier,$            491.5897
Unitrade,"$         75,915.3642"
Indexed Finance,"$         43,883.0992"
DeHive,"$         94,127.7751"
AirNFTs,"$          7,732.8667"
HollyGold,"$         30,207.1827"
Omlira,"$         52,373.4798"
Gravity Finance,"$          1,313.2095"
TradeStars,"$          1,177.7771"
Phoenixcoin,$            260.2816
Formation Fi,"$      2,110,655.8448"
Scry.info,"$         41,031.1178"
Forefront,$            426.8518
Primas,"$      1,802,679.6761"
Young Boys Fan Token,"$         81,745.2756"
XP NETWORK,"$        149,675.6636"
eXPerience Chain,$              0.0000
Waterfall DeFi,"$          8,403.2215"
Blue Protocol,$              0.0000
ADAMANT Messenger,$              0.0000
DigitalNote,"$         12,341.1883"
HOMIHELP,$              0.0000
Polinate,"$         13,080.5342"
Sao Paulo FC Fan Token,"$         48,733.0403"
Chainswap,"$          1,237.1612"
Spores Network,"$        181,156.6982"
Creaticles,"$        109,615.0745"
QChi,$              0.0000
AcknoLedger,"$         11,000.4197"
Nerve Finance,"$        280,515.8218"
CoverCompared,"$         13,424.7748"
Faceter,"$         68,003.5954"
Rune,"$          4,672.5375"
Coldstack,"$        243,808.8813"
Jarvis Network,"$         45,112.9600"
Swarm Markets,$             48.6573
Veil,$            221.3279
Rainbow Token,"$          2,066.0698"
Stealth,$            623.5405
ROCKI,"$        448,875.6705"
ownix,$             11.5969
Warena,"$        226,138.0765"
Minereum,$              0.0000
Digital Insurance Token,$              0.0000
Realio Network,"$        236,187.1891"
Starbase,"$        589,219.7139"
PANTHEON X,"$          5,107.1083"
MobileGo,"$         50,615.3885"
Teloscoin,"$        179,691.1061"
Sether,"$          1,629.0542"
Beamswap,"$        213,879.4082"
HempCoin,$            476.6333
TokenPay,"$         97,412.9757"
Cheems,"$          2,191.8523"
Bitcoin Plus,"$          1,149.3716"
TRAVA.FINANCE,"$        133,296.8394"
Curecoin,$            531.7759
Omnitude,$              0.0000
